{
    "$schema": "../../TcHmiFramework/Schema/ControlDescription.Schema.json",
    "apiVersion": 1,
    "name": "TcHmiDatagrid",
    "namespace": "TcHmi.Controls.Beckhoff",
    "displayName": "Datagrid",
    "version": {
        "full": "1.12.758.8",
        "major": 1,
        "minor": 12,
        "build": 758,
        "revision": 8
    },
    "visible": true,
    "themeable": "Standard",
    "base": "TcHmi.Controls.System.TcHmiControl",
    "description": "A multipurpose grid/table for data.",
    "defaultDesignerEvent": "",
    "properties": {
        "containerControl": false,
        "geometry": {
            "width": 370,
            "height": 200
        }
    },
    "icons": [
        {
            "name": "Icons/16x16.png",
            "width": 16,
            "height": 16
        },
        {
            "name": "Icons/24x24.png",
            "width": 24,
            "height": 24
        },
        {
            "name": "Icons/32x32.png",
            "width": 32,
            "height": 32
        },
        {
            "name": "Icons/64x64.png",
            "width": 64,
            "height": 64
        }
    ],
    "template": "Template.html",
    "dependencyFiles": [
        {
            "name": "Style.css",
            "type": "Stylesheet",
            "description": ""
        },
        {
            "name": "TcHmiDatagrid.js",
            "type": "JavaScript",
            "description": ""
        }
    ],
    "themes": {
        "Base": {
            "resources": [
                {
                    "name": "Themes/Base/Style.css",
                    "type": "Stylesheet",
                    "description": ""
                }
            ]
        },
        "Base-Dark": {
            "resources": [
                {
                    "name": "Themes/Base-Dark/Style.css",
                    "type": "Stylesheet",
                    "description": ""
                }
            ]
        }
    },
    "attributes": [
        {
            "name": "data-tchmi-src-column",
            "propertyName": "SrcColumn",
            "propertySetterName": "setSrcColumn",
            "propertyGetterName": "getSrcColumn",
            "displayName": "Columns",
            "visible": true,
            "themeable": "Advanced",
            "displayPriority": 10,
            "type": "tchmi:framework#/definitions/TcHmi.Controls.Beckhoff.TcHmiDatagrid.ColumnDefinitionList",
            "category": "Common",
            "description": "Description of the columns and the format of the SrcData",
            "readOnly": false,
            "bindable": true,
            "defaultBindingMode": "OneWay",
            "heritable": true,
            "allowSymbolExpressionsInObject": true,
            "defaultValue": [
                {
                    "name": "Test1",
                    "label": "Column 1",
                    "control": "TextBlock",
                    "width": 70,
                    "widthUnit": "px",
                    "resize": true,
                    "minWidth": 100,
                    "minWidthUnit": "px",
                    "editable": false,
                    "horizontalAlignment": "Center",
                    "verticalAlignment": "Center",
                    "cellBackground": null,
                    "textColor": null
                },
                {
                    "name": "Test2",
                    "label": "Column 2",
                    "control": "TextBlock",
                    "width": 70,
                    "widthUnit": "px",
                    "resize": true,
                    "minWidth": 70,
                    "minWidthUnit": "px",
                    "editable": false,
                    "sortable": true,
                    "horizontalAlignment": "Center",
                    "verticalAlignment": "Center",
                    "cellBackground": null,
                    "textColor": null
                },
                {
                    "name": "Test3",
                    "label": "Column 3",
                    "control": "CheckBox",
                    "width": 70,
                    "widthUnit": "px",
                    "resize": true,
                    "minWidth": 70,
                    "minWidthUnit": "px",
                    "editable": true,
                    "horizontalAlignment": "Center",
                    "verticalAlignment": "Center",
                    "cellBackground": null,
                    "textColor": null
                },
                {
                    "name": "Test4",
                    "label": "Column 4",
                    "control": "TextBox",
                    "width": 100,
                    "widthUnit": "px",
                    "resize": true,
                    "minWidth": 70,
                    "minWidthUnit": "px",
                    "editable": true,
                    "horizontalAlignment": "Center",
                    "verticalAlignment": "Center",
                    "cellBackground": null,
                    "textColor": null
                }
            ],
            "defaultValueInternal": []
        },
        {
            "name": "data-tchmi-src-data",
            "propertyName": "SrcData",
            "propertySetterName": "setSrcData",
            "propertyGetterName": "getSrcData",
            "displayName": "SrcData",
            "visible": true,
            "themeable": "Advanced",
            "displayPriority": 10,
            "type": "tchmi:general#/definitions/Array",
            "category": "Common",
            "description": "Data array to show in the grid (format is defined in SrcColumn)",
            "readOnly": false,
            "bindable": true,
            "defaultBindingMode": "OneWay",
            "heritable": true,
            "allowSymbolExpressionsInObject": true,
            "defaultValue": [
                {
                    "Test1": "Example Data",
                    "Test2": 42,
                    "Test3": true,
                    "Test4": "Editable Data"
                },
                {
                    "Test1": "Example Data",
                    "Test2": 3.1415,
                    "Test3": false,
                    "Test4": "Editable Data"
                }
            ],
            "defaultValueInternal": []
        },
        {
            "name": "data-tchmi-data-symbol",
            "propertyName": "DataSymbol",
            "propertySetterName": "setDataSymbol",
            "propertyGetterName": "getDataSymbol",
            "displayName": "DataSymbol",
            "visible": true,
            "themeable": "None",
            "displayPriority": 11,
            "type": "tchmi:framework#/definitions/TcHmi.Controls.Beckhoff.TcHmiDatagrid.DataSymbol",
            "category": "Common",
            "description": "A Symbol of type tchmi:general#/definitions/Array which contains the data to be displayed in the grid. The data will be paged if it is a server symbol and changes in the datagrid will be written back to the symbol. This attribute overwrites an existing SrcData attribute.",
            "readOnly": false,
            "bindable": true,
            "defaultBindingMode": "OneWay",
            "heritable": true,
            "defaultValue": null,
            "defaultValueInternal": null
        },
        {
            "name": "data-tchmi-sorting",
            "propertyName": "Sorting",
            "propertySetterName": "setSorting",
            "propertyGetterName": "getSorting",
            "displayName": "Sorting",
            "visible": true,
            "themeable": "Advanced",
            "displayPriority": 10,
            "type": "tchmi:framework#/definitions/Sorting",
            "category": "Data",
            "description": "",
            "readOnly": false,
            "bindable": true,
            "defaultBindingMode": "OneWay",
            "heritable": true,
            "allowSymbolExpressionsInObject": true,
            "defaultValue": null,
            "defaultValueInternal": []
        },
        {
            "name": "data-tchmi-filter",
            "propertyName": "Filter",
            "propertySetterName": "setFilter",
            "propertyGetterName": "getFilter",
            "displayName": "Filter",
            "visible": true,
            "themeable": "Advanced",
            "displayPriority": 11,
            "type": "tchmi:server#/definitions/filter",
            "category": "Data",
            "description": "Can be used to filter the data. If used in combination with DataSymbol, the data will be filtered on the server.",
            "readOnly": false,
            "bindable": true,
            "defaultBindingMode": "OneWay",
            "heritable": true,
            "allowSymbolExpressionsInObject": true,
            "defaultValue": null,
            "defaultValueInternal": null
        },
        {
            "name": "data-tchmi-selected-row-index",
            "propertyName": "SelectedRowIndex",
            "propertySetterName": "setSelectedRowIndex",
            "propertyGetterName": "getSelectedRowIndex",
            "displayName": "SelectedRowIndex",
            "visible": true,
            "themeable": "Standard",
            "displayPriority": 20,
            "type": "tchmi:general#/definitions/UDINT",
            "category": "Data",
            "description": "The selected row by its index.",
            "readOnly": false,
            "bindable": true,
            "defaultBindingMode": "OneWay",
            "heritable": true,
            "defaultValue": null,
            "defaultValueInternal": null
        },
        {
            "name": "data-tchmi-selected-column-index",
            "propertyName": "SelectedColumnIndex",
            "propertySetterName": "setSelectedColumnIndex",
            "propertyGetterName": "getSelectedColumnIndex",
            "displayName": "SelectedColumnIndex",
            "visible": true,
            "themeable": "Standard",
            "displayPriority": 20,
            "type": "tchmi:general#/definitions/UDINT",
            "category": "Data",
            "description": "The selected column by its index.",
            "readOnly": false,
            "bindable": true,
            "defaultBindingMode": "OneWay",
            "heritable": true,
            "defaultValue": null,
            "defaultValueInternal": null
        },
        {
            "name": "data-tchmi-row-classes-provider",
            "propertyName": "RowClassesProvider",
            "propertySetterName": "setRowClassesProvider",
            "propertyGetterName": "getRowClassesProvider",
            "displayName": "RowClassesProvider",
            "visible": true,
            "themeable": "Advanced",
            "displayPriority": 80,
            "type": "tchmi:framework#/definitions/Function",
            "allowedFunctions": {
                "returnType": "tchmi:general#/definitions/Array",
                "requiredArguments": [
                    {
                        "type": "tchmi:general#/definitions/Any",
                        "description": "The row value to use to determine the classes for the row."
                    },
                    {
                        "type": "tchmi:general#/definitions/Integer",
                        "description": "The index of the row data in the srcData array."
                    },
                    {
                        "type": "tchmi:general#/definitions/Integer",
                        "description": "The row number. This may differ from the data index if the table is sorted."
                    }
                ],
                "waitMode": "Synchronous"
            },
            "category": "Data",
            "description": "Specifies a function that takes row data as an argument and returns an array of strings to be used as CSS classes on the row.",
            "readOnly": false,
            "bindable": true,
            "defaultBindingMode": "OneWay",
            "heritable": true,
            "defaultValue": null,
            "defaultValueInternal": null
        },
        {
            "name": "data-tchmi-width-mode",
            "propertyName": "WidthMode",
            "propertySetterName": "setWidthMode",
            "propertyGetterName": "getWidthMode",
            "displayName": "WidthMode",
            "visible": true,
            "themeable": "Advanced",
            "displayPriority": 40,
            "type": "tchmi:framework#/definitions/SizeModeWithContent",
            "category": "Layout",
            "description": "Defines if the width is taken from the width value, calculated from left and right (parent) or calculated from the combined width of the configured columns.",
            "readOnly": false,
            "bindable": true,
            "defaultBindingMode": "OneWay",
            "heritable": true,
            "defaultValue": null,
            "defaultValueInternal": "Value"
        },
        {
            "name": "data-tchmi-height-mode",
            "propertyName": "HeightMode",
            "displayPriority": 40,
            "propertySetterName": "setHeightMode",
            "propertyGetterName": "getHeightMode",
            "displayName": "HeightMode",
            "visible": true,
            "themeable": "Advanced",
            "type": "tchmi:framework#/definitions/SizeModeWithContent",
            "category": "Layout",
            "description": "Defines if the height is taken from the height value, calculated from top and bottom (parent) or calculated from the number of rows in the data.",
            "readOnly": false,
            "bindable": true,
            "defaultBindingMode": "OneWay",
            "heritable": true,
            "defaultValue": null,
            "defaultValueInternal": "Value"
        },
        {
            "name": "data-tchmi-header-height",
            "propertyName": "HeaderHeight",
            "propertySetterName": "setHeaderHeight",
            "propertyGetterName": "getHeaderHeight",
            "displayName": "HeaderHeight",
            "visible": true,
            "themeable": "Standard",
            "displayPriority": 10,
            "type": "tchmi:framework#/definitions/MeasurementValue",
            "category": "Header",
            "description": "Height of the table header cells.",
            "readOnly": false,
            "bindable": true,
            "defaultBindingMode": "OneWay",
            "heritable": true,
            "defaultValue": null,
            "defaultValueInternal": 30
        },
        {
            "name": "data-tchmi-header-height-unit",
            "propertyName": "HeaderHeightUnit",
            "propertySetterName": "setHeaderHeightUnit",
            "propertyGetterName": "getHeaderHeightUnit",
            "refTo": "HeaderHeight",
            "displayName": "HeaderHeightUnit",
            "visible": true,
            "themeable": "Advanced",
            "displayPriority": 10,
            "type": "tchmi:framework#/definitions/MeasurementUnit",
            "category": "Header",
            "description": "Could be 'px' or for relative positioning '%'.",
            "readOnly": false,
            "bindable": true,
            "defaultBindingMode": "OneWay",
            "heritable": true,
            "defaultValue": null,
            "defaultValueInternal": "px"
        },
        {
            "name": "data-tchmi-header-cell-padding",
            "propertyName": "HeaderCellPadding",
            "propertySetterName": "setHeaderCellPadding",
            "propertyGetterName": "getHeaderCellPadding",
            "displayName": "HeaderCellPadding",
            "visible": true,
            "themeable": "Standard",
            "displayPriority": 60,
            "type": "tchmi:framework#/definitions/Padding",
            "category": "Header",
            "description": "The distance of the header to the border.",
            "readOnly": false,
            "bindable": true,
            "defaultBindingMode": "OneWay",
            "heritable": true,
            "allowSymbolExpressionsInObject": true,
            "defaultValue": null,
            "defaultValueInternal": null
        },
        {
            "name": "data-tchmi-header-font-family",
            "propertyName": "HeaderFontFamily",
            "propertySetterName": "setHeaderFontFamily",
            "propertyGetterName": "getHeaderFontFamily",
            "displayName": "HeaderFontFamily",
            "visible": true,
            "themeable": "Standard",
            "displayPriority": 60,
            "type": "tchmi:framework#/definitions/FontFamily",
            "category": "Header",
            "description": "Comma separated list of family name or keyword: 'serif', 'sans-serif', 'monospace'.",
            "readOnly": false,
            "bindable": true,
            "defaultBindingMode": "OneWay",
            "heritable": true,
            "defaultValue": null,
            "defaultValueInternal": null
        },
        {
            "name": "data-tchmi-header-font-size",
            "propertyName": "HeaderFontSize",
            "propertySetterName": "setHeaderFontSize",
            "propertyGetterName": "getHeaderFontSize",
            "displayName": "HeaderFontSize",
            "visible": true,
            "themeable": "Standard",
            "displayPriority": 60,
            "type": "tchmi:framework#/definitions/MeasurementValue",
            "category": "Header",
            "description": "The size of the font. Percent values are relative to the parent elements font size.",
            "readOnly": false,
            "bindable": true,
            "defaultBindingMode": "OneWay",
            "heritable": true,
            "defaultValue": null,
            "defaultValueInternal": null
        },
        {
            "name": "data-tchmi-header-font-size-unit",
            "propertyName": "HeaderFontSizeUnit",
            "propertySetterName": "setHeaderFontSizeUnit",
            "propertyGetterName": "getHeaderFontSizeUnit",
            "refTo": "HeaderFontSize",
            "displayName": "HeaderFontSizeUnit",
            "visible": true,
            "themeable": "Advanced",
            "displayPriority": 60,
            "type": "tchmi:framework#/definitions/MeasurementUnit",
            "category": "Header",
            "description": "Could be 'px' or for relative sizing '%'.",
            "readOnly": false,
            "bindable": true,
            "defaultBindingMode": "OneWay",
            "heritable": true,
            "defaultValue": null,
            "defaultValueInternal": "px"
        },
        {
            "name": "data-tchmi-header-font-style",
            "propertyName": "HeaderFontStyle",
            "propertySetterName": "setHeaderFontStyle",
            "propertyGetterName": "getHeaderFontStyle",
            "displayName": "HeaderFontStyle",
            "visible": true,
            "themeable": "Standard",
            "displayPriority": 60,
            "type": "tchmi:framework#/definitions/FontStyle",
            "category": "Header",
            "description": "'Normal', 'Italic' (slanted with special glyphs), 'Oblique' (slanted normal glyphs) or 'Auto' for inherited.",
            "readOnly": false,
            "bindable": true,
            "defaultBindingMode": "OneWay",
            "heritable": true,
            "defaultValue": null,
            "defaultValueInternal": "Auto"
        },
        {
            "name": "data-tchmi-header-font-weight",
            "propertyName": "HeaderFontWeight",
            "propertySetterName": "setHeaderFontWeight",
            "propertyGetterName": "getHeaderFontWeight",
            "displayName": "HeaderFontWeight",
            "visible": true,
            "themeable": "Standard",
            "displayPriority": 60,
            "type": "tchmi:framework#/definitions/FontWeight",
            "category": "Header",
            "description": "'Normal', 'Bold' (glyphs with more weight) or 'Auto' for inherited.",
            "readOnly": false,
            "bindable": true,
            "defaultBindingMode": "OneWay",
            "heritable": true,
            "defaultValue": null,
            "defaultValueInternal": "Auto"
        },
        {
            "name": "data-tchmi-row-height",
            "propertyName": "RowHeight",
            "propertySetterName": "setRowHeight",
            "propertyGetterName": "getRowHeight",
            "displayName": "RowHeight",
            "visible": true,
            "themeable": "Standard",
            "displayPriority": 10,
            "type": "tchmi:framework#/definitions/MeasurementValue",
            "category": "Grid",
            "description": "",
            "readOnly": false,
            "bindable": true,
            "defaultBindingMode": "OneWay",
            "heritable": true,
            "defaultValue": null,
            "defaultValueInternal": 30
        },
        {
            "name": "data-tchmi-row-height-unit",
            "propertyName": "RowHeightUnit",
            "propertyGetterName": "getRowHeightUnit",
            "refTo": "RowHeight",
            "displayName": "RowHeightUnit",
            "visible": true,
            "displayPriority": 10,
            "type": "tchmi:framework#/definitions/PixelUnit",
            "category": "Grid",
            "description": "Only Pixel is allowed.",
            "readOnly": true,
            "bindable": false,
            "defaultBindingMode": "OneWay",
            "heritable": true,
            "defaultValue": null,
            "defaultValueInternal": "px"
        },
        {
            "name": "data-tchmi-cell-content-padding",
            "propertyName": "CellContentPadding",
            "propertySetterName": "setCellContentPadding",
            "propertyGetterName": "getCellContentPadding",
            "displayName": "CellContentPadding",
            "visible": true,
            "themeable": "Standard",
            "displayPriority": 60,
            "type": "tchmi:framework#/definitions/Padding",
            "category": "Grid",
            "description": "The distance of the cell content to the border.",
            "readOnly": false,
            "bindable": true,
            "defaultBindingMode": "OneWay",
            "heritable": true,
            "allowSymbolExpressionsInObject": true,
            "defaultValue": {
                "left": 3,
                "leftUnit": "px",
                "right": 3,
                "rightUnit": "px",
                "top": 0,
                "topUnit": "px",
                "bottom": 0,
                "bottomUnit": "px"
            },
            "defaultValueInternal": null
        },
        {
            "name": "data-tchmi-grid-font-family",
            "propertyName": "GridFontFamily",
            "propertySetterName": "setGridFontFamily",
            "propertyGetterName": "getGridFontFamily",
            "displayName": "GridFontFamily",
            "visible": true,
            "themeable": "Standard",
            "displayPriority": 60,
            "type": "tchmi:framework#/definitions/FontFamily",
            "category": "Grid",
            "description": "Comma separated list of family name or keyword: 'serif', 'sans-serif', 'monospace'.",
            "readOnly": false,
            "bindable": true,
            "defaultBindingMode": "OneWay",
            "heritable": true,
            "defaultValue": null,
            "defaultValueInternal": null
        },
        {
            "name": "data-tchmi-grid-font-size",
            "propertyName": "GridFontSize",
            "propertySetterName": "setGridFontSize",
            "propertyGetterName": "getGridFontSize",
            "displayName": "GridFontSize",
            "visible": true,
            "themeable": "Standard",
            "displayPriority": 60,
            "type": "tchmi:framework#/definitions/MeasurementValue",
            "category": "Grid",
            "description": "The size of the font. Percent values are relative to the parent elements font size.",
            "readOnly": false,
            "bindable": true,
            "defaultBindingMode": "OneWay",
            "heritable": true,
            "defaultValue": null,
            "defaultValueInternal": null
        },
        {
            "name": "data-tchmi-grid-font-size-unit",
            "propertyName": "GridFontSizeUnit",
            "propertySetterName": "setGridFontSizeUnit",
            "propertyGetterName": "getGridFontSizeUnit",
            "refTo": "GridFontSize",
            "displayName": "GridFontSizeUnit",
            "visible": true,
            "themeable": "Advanced",
            "displayPriority": 60,
            "type": "tchmi:framework#/definitions/MeasurementUnit",
            "category": "Grid",
            "description": "Could be 'px' or for relative sizing '%'.",
            "readOnly": false,
            "bindable": true,
            "defaultBindingMode": "OneWay",
            "heritable": true,
            "defaultValue": null,
            "defaultValueInternal": "px"
        },
        {
            "name": "data-tchmi-grid-font-style",
            "propertyName": "GridFontStyle",
            "propertySetterName": "setGridFontStyle",
            "propertyGetterName": "getGridFontStyle",
            "displayName": "GridFontStyle",
            "visible": true,
            "themeable": "Standard",
            "displayPriority": 60,
            "type": "tchmi:framework#/definitions/FontStyle",
            "category": "Grid",
            "description": "'Normal', 'Italic' (slanted with special glyphs), 'Oblique' (slanted normal glyphs) or 'Auto' for inherited.",
            "readOnly": false,
            "bindable": true,
            "defaultBindingMode": "OneWay",
            "heritable": true,
            "defaultValue": null,
            "defaultValueInternal": "Auto"
        },
        {
            "name": "data-tchmi-grid-font-weight",
            "propertyName": "GridFontWeight",
            "propertySetterName": "setGridFontWeight",
            "propertyGetterName": "getGridFontWeight",
            "displayName": "GridFontWeight",
            "visible": true,
            "themeable": "Standard",
            "displayPriority": 60,
            "type": "tchmi:framework#/definitions/FontWeight",
            "category": "Grid",
            "description": "'Normal', 'Bold' (glyphs with more weight) or 'Auto' for inherited.",
            "readOnly": false,
            "bindable": true,
            "defaultBindingMode": "OneWay",
            "heritable": true,
            "defaultValue": null,
            "defaultValueInternal": "Auto"
        },
        {
            "name": "data-tchmi-show-row-numbers",
            "propertyName": "ShowRowNumbers",
            "propertySetterName": "setShowRowNumbers",
            "propertyGetterName": "getShowRowNumbers",
            "displayName": "ShowRowNumbers",
            "visible": true,
            "themeable": "Standard",
            "displayPriority": 10,
            "type": "tchmi:general#/definitions/Boolean",
            "category": "Row Numbers",
            "description": "",
            "readOnly": false,
            "bindable": true,
            "defaultBindingMode": "OneWay",
            "heritable": true,
            "defaultValue": null,
            "defaultValueInternal": true
        },
        {
            "name": "data-tchmi-row-numbers-resizable",
            "propertyName": "RowNumbersResizable",
            "propertySetterName": "setRowNumbersResizable",
            "propertyGetterName": "getRowNumbersResizable",
            "displayName": "RowNumbersResizable",
            "visible": true,
            "themeable": "Standard",
            "displayPriority": 20,
            "type": "tchmi:general#/definitions/Boolean",
            "category": "Row Numbers",
            "description": "",
            "readOnly": false,
            "bindable": true,
            "defaultBindingMode": "OneWay",
            "heritable": true,
            "defaultValue": null,
            "defaultValueInternal": true
        },
        {
            "name": "data-tchmi-row-numbers-start-number",
            "propertyName": "RowNumbersStartNumber",
            "propertySetterName": "setRowNumbersStartNumber",
            "propertyGetterName": "getRowNumbersStartNumber",
            "displayName": "RowNumbersStartNumber",
            "visible": true,
            "themeable": "Standard",
            "displayPriority": 10,
            "type": "tchmi:general#/definitions/Number",
            "category": "Row Numbers",
            "description": "The starting number of the row numbers.",
            "readOnly": false,
            "bindable": true,
            "defaultBindingMode": "OneWay",
            "heritable": true,
            "defaultValue": null,
            "defaultValueInternal": 1
        },
        {
            "name": "data-tchmi-row-numbers-width",
            "propertyName": "RowNumbersWidth",
            "propertySetterName": "setRowNumbersWidth",
            "propertyGetterName": "getRowNumbersWidth",
            "displayName": "RowNumbersWidth",
            "visible": true,
            "themeable": "Standard",
            "displayPriority": 60,
            "type": "tchmi:framework#/definitions/MeasurementValue",
            "category": "Row Numbers",
            "description": "Width of the Row Number Column",
            "readOnly": false,
            "bindable": true,
            "defaultBindingMode": "OneWay",
            "heritable": true,
            "defaultValue": null,
            "defaultValueInternal": 30
        },
        {
            "name": "data-tchmi-row-numbers-width-unit",
            "propertyName": "RowNumbersWidthUnit",
            "propertySetterName": "setRowNumbersWidthUnit",
            "propertyGetterName": "getRowNumbersWidthUnit",
            "refTo": "RowNumbersWidth",
            "displayName": "RowNumbersWidthUnit",
            "visible": true,
            "themeable": "Advanced",
            "displayPriority": 60,
            "type": "tchmi:framework#/definitions/MeasurementUnit",
            "category": "Row Numbers",
            "description": "Could be 'px' or for relative positioning '%'.",
            "readOnly": false,
            "bindable": true,
            "defaultBindingMode": "OneWay",
            "heritable": true,
            "defaultValue": null,
            "defaultValueInternal": "px"
        },
        {
            "name": "data-tchmi-row-numbers-horizontal-alignment",
            "propertyName": "RowNumbersHorizontalAlignment",
            "propertySetterName": "setRowNumbersHorizontalAlignment",
            "propertyGetterName": "getRowNumbersHorizontalAlignment",
            "displayName": "RowNumbersHorizontalAlignment",
            "visible": true,
            "themeable": "Standard",
            "displayPriority": 60,
            "type": "tchmi:framework#/definitions/HorizontalAlignment",
            "category": "Row Numbers",
            "description": "",
            "readOnly": false,
            "bindable": true,
            "defaultBindingMode": "OneWay",
            "heritable": true,
            "defaultValue": null,
            "defaultValueInternal": "Center"
        },
        {
            "name": "data-tchmi-row-numbers-vertical-alignment",
            "propertyName": "RowNumbersVerticalAlignment",
            "propertySetterName": "setRowNumbersVerticalAlignment",
            "propertyGetterName": "getRowNumbersVerticalAlignment",
            "displayName": "RowNumbersVerticalAlignment",
            "visible": true,
            "themeable": "Advanced",
            "displayPriority": 60,
            "type": "tchmi:framework#/definitions/VerticalAlignment",
            "category": "Row Numbers",
            "description": "",
            "readOnly": false,
            "bindable": true,
            "defaultBindingMode": "OneWay",
            "heritable": true,
            "defaultValue": null,
            "defaultValueInternal": "Center"
        },
        {
            "name": "data-tchmi-row-numbers-cell-padding",
            "propertyName": "RowNumbersCellPadding",
            "propertySetterName": "setRowNumbersCellPadding",
            "propertyGetterName": "getRowNumbersCellPadding",
            "displayName": "RowNumbersCellPadding",
            "visible": true,
            "themeable": "Standard",
            "displayPriority": 60,
            "type": "tchmi:framework#/definitions/Padding",
            "category": "Row Numbers",
            "description": "The distance of the numbers column to the border.",
            "readOnly": false,
            "bindable": true,
            "defaultBindingMode": "OneWay",
            "heritable": true,
            "allowSymbolExpressionsInObject": true,
            "defaultValue": null,
            "defaultValueInternal": null
        },
        {
            "name": "data-tchmi-row-numbers-font-family",
            "propertyName": "RowNumbersFontFamily",
            "propertySetterName": "setRowNumbersFontFamily",
            "propertyGetterName": "getRowNumbersFontFamily",
            "displayName": "RowNumbersFontFamily",
            "visible": true,
            "themeable": "Standard",
            "displayPriority": 60,
            "type": "tchmi:framework#/definitions/FontFamily",
            "category": "Row Numbers",
            "description": "Comma separated list of family name or keyword: 'serif', 'sans-serif', 'monospace'.",
            "readOnly": false,
            "bindable": true,
            "defaultBindingMode": "OneWay",
            "heritable": true,
            "defaultValue": null,
            "defaultValueInternal": null
        },
        {
            "name": "data-tchmi-row-numbers-font-size",
            "propertyName": "RowNumbersFontSize",
            "propertySetterName": "setRowNumbersFontSize",
            "propertyGetterName": "getRowNumbersFontSize",
            "displayName": "RowNumbersFontSize",
            "visible": true,
            "themeable": "Standard",
            "displayPriority": 60,
            "type": "tchmi:framework#/definitions/MeasurementValue",
            "category": "Row Numbers",
            "description": "The size of the font. Percent values are relative to the parent elements font size.",
            "readOnly": false,
            "bindable": true,
            "defaultBindingMode": "OneWay",
            "heritable": true,
            "defaultValue": null,
            "defaultValueInternal": null
        },
        {
            "name": "data-tchmi-row-numbers-font-size-unit",
            "propertyName": "RowNumbersFontSizeUnit",
            "propertySetterName": "setRowNumbersFontSizeUnit",
            "propertyGetterName": "getRowNumbersFontSizeUnit",
            "refTo": "RowNumbersFontSize",
            "displayName": "RowNumbersFontSizeUnit",
            "visible": true,
            "themeable": "Advanced",
            "displayPriority": 60,
            "type": "tchmi:framework#/definitions/MeasurementUnit",
            "category": "Row Numbers",
            "description": "Could be 'px' or for relative sizing '%'.",
            "readOnly": false,
            "bindable": true,
            "defaultBindingMode": "OneWay",
            "heritable": true,
            "defaultValue": null,
            "defaultValueInternal": "px"
        },
        {
            "name": "data-tchmi-row-numbers-font-style",
            "propertyName": "RowNumbersFontStyle",
            "propertySetterName": "setRowNumbersFontStyle",
            "propertyGetterName": "getRowNumbersFontStyle",
            "displayName": "RowNumbersFontStyle",
            "visible": true,
            "themeable": "Standard",
            "displayPriority": 60,
            "type": "tchmi:framework#/definitions/FontStyle",
            "category": "Row Numbers",
            "description": "'Normal', 'Italic' (slanted with special glyphs), 'Oblique' (slanted normal glyphs) or 'Auto' for inherited.",
            "readOnly": false,
            "bindable": true,
            "defaultBindingMode": "OneWay",
            "heritable": true,
            "defaultValue": null,
            "defaultValueInternal": "Auto"
        },
        {
            "name": "data-tchmi-row-numbers-font-weight",
            "propertyName": "RowNumbersFontWeight",
            "propertySetterName": "setRowNumbersFontWeight",
            "propertyGetterName": "getRowNumbersFontWeight",
            "displayName": "RowNumbersFontWeight",
            "visible": true,
            "themeable": "Standard",
            "displayPriority": 60,
            "type": "tchmi:framework#/definitions/FontWeight",
            "category": "Row Numbers",
            "description": "'Normal', 'Bold' (glyphs with more weight) or 'Auto' for inherited.",
            "readOnly": false,
            "bindable": true,
            "defaultBindingMode": "OneWay",
            "heritable": true,
            "defaultValue": null,
            "defaultValueInternal": "Auto"
        },
        {
            "name": "data-tchmi-table-border-width",
            "propertyName": "TableBorderWidth",
            "propertySetterName": "setTableBorderWidth",
            "propertyGetterName": "getTableBorderWidth",
            "displayName": "TableBorderWidth",
            "visible": true,
            "themeable": "Standard",
            "displayPriority": 20,
            "type": "tchmi:framework#/definitions/MeasurementValue",
            "category": "Grid",
            "description": "",
            "readOnly": false,
            "bindable": true,
            "defaultBindingMode": "OneWay",
            "heritable": true,
            "defaultValue": null,
            "defaultValueInternal": 1
        },
        {
            "name": "data-tchmi-table-border-width-unit",
            "propertyName": "TableBorderWidthUnit",
            "propertyGetterName": "getTableBorderWidthUnit",
            "refTo": "TableBorderWidth",
            "displayName": "TableBorderWidthUnit",
            "visible": true,
            "displayPriority": 20,
            "type": "tchmi:framework#/definitions/PixelUnit",
            "category": "Grid",
            "description": "Can only be 'px'.",
            "readOnly": true,
            "bindable": false,
            "defaultBindingMode": "OneWay",
            "heritable": true,
            "defaultValue": null,
            "defaultValueInternal": "px"
        },
        {
            "name": "data-tchmi-table-border-style",
            "propertyName": "TableBorderStyle",
            "propertySetterName": "setTableBorderStyle",
            "propertyGetterName": "getTableBorderStyle",
            "displayName": "TableBorderStyle",
            "visible": true,
            "themeable": "Standard",
            "displayPriority": 60,
            "type": "tchmi:framework#/definitions/BorderStyle",
            "category": "Grid",
            "description": "",
            "readOnly": false,
            "bindable": true,
            "defaultBindingMode": "OneWay",
            "heritable": true,
            "allowSymbolExpressionsInObject": true,
            "defaultValue": null,
            "defaultValueInternal": null
        },
        {
            "name": "data-tchmi-header-background-color",
            "propertyName": "HeaderBackgroundColor",
            "propertySetterName": "setHeaderBackgroundColor",
            "propertyGetterName": "getHeaderBackgroundColor",
            "displayName": "HeaderBackgroundColor",
            "visible": true,
            "themeable": "Standard",
            "displayPriority": 10,
            "type": "tchmi:framework#/definitions/Color",
            "category": "Colors",
            "description": "",
            "readOnly": false,
            "bindable": true,
            "defaultBindingMode": "OneWay",
            "heritable": true,
            "allowSymbolExpressionsInObject": true,
            "defaultValue": null,
            "defaultValueInternal": null
        },
        {
            "name": "data-tchmi-header-text-color",
            "propertyName": "HeaderTextColor",
            "propertySetterName": "setHeaderTextColor",
            "propertyGetterName": "getHeaderTextColor",
            "displayName": "HeaderTextColor",
            "visible": true,
            "themeable": "Standard",
            "displayPriority": 10,
            "type": "tchmi:framework#/definitions/SolidColor",
            "category": "Colors",
            "description": "",
            "readOnly": false,
            "bindable": true,
            "defaultBindingMode": "OneWay",
            "heritable": true,
            "allowSymbolExpressionsInObject": true,
            "defaultValue": null,
            "defaultValueInternal": null
        },
        {
            "name": "data-tchmi-row-numbers-background-color",
            "propertyName": "RowNumbersBackgroundColor",
            "propertySetterName": "setRowNumbersBackgroundColor",
            "propertyGetterName": "getRowNumbersBackgroundColor",
            "displayName": "RowNumbersBackgroundColor",
            "visible": true,
            "themeable": "Standard",
            "displayPriority": 10,
            "type": "tchmi:framework#/definitions/Color",
            "category": "Colors",
            "description": "",
            "readOnly": false,
            "bindable": true,
            "defaultBindingMode": "OneWay",
            "heritable": true,
            "allowSymbolExpressionsInObject": true,
            "defaultValue": null,
            "defaultValueInternal": null
        },
        {
            "name": "data-tchmi-row-numbers-text-color",
            "propertyName": "RowNumbersTextColor",
            "propertySetterName": "setRowNumbersTextColor",
            "propertyGetterName": "getRowNumbersTextColor",
            "displayName": "RowNumbersTextColor",
            "visible": true,
            "themeable": "Standard",
            "displayPriority": 10,
            "type": "tchmi:framework#/definitions/SolidColor",
            "category": "Colors",
            "description": "",
            "readOnly": false,
            "bindable": true,
            "defaultBindingMode": "OneWay",
            "heritable": true,
            "allowSymbolExpressionsInObject": true,
            "defaultValue": null,
            "defaultValueInternal": null
        },
        {
            "name": "data-tchmi-table-border-color",
            "propertyName": "TableBorderColor",
            "propertySetterName": "setTableBorderColor",
            "propertyGetterName": "getTableBorderColor",
            "displayName": "TableBorderColor",
            "visible": true,
            "themeable": "Standard",
            "displayPriority": 10,
            "type": "tchmi:framework#/definitions/SolidColor",
            "category": "Colors",
            "description": "",
            "readOnly": false,
            "bindable": true,
            "defaultBindingMode": "OneWay",
            "heritable": true,
            "allowSymbolExpressionsInObject": true,
            "defaultValue": null,
            "defaultValueInternal": null
        },
        {
            "name": "data-tchmi-src-data-has-changed",
            "displayName": "SrcDataHasChanged",
            "propertyName": "srcDataHasChanged",
            "propertyGetterName": "getSrcDataHasChanged",
            "visible": true,
            "type": "tchmi:general#/definitions/Boolean",
            "category": "Data",
            "description": "The srcDataHasChanged property show if the user changed srcData.",
            "readOnly": true,
            "bindable": false,
            "defaultBindingMode": "OneWay",
            "heritable": true,
            "allowSymbolExpressionsInObject": true,
            "defaultValue": null,
            "defaultValueInternal": null
        },
        {
            "name": "data-tchmi-selected-row-value",
            "displayName": "SelectedRowValue",
            "propertyName": "selectedRowValue",
            "propertyGetterName": "getSelectedRowValue",
            "visible": true,
            "type": "tchmi:general#/definitions/Any",
            "category": "Data",
            "description": "",
            "readOnly": true,
            "bindable": false,
            "defaultBindingMode": "OneWay",
            "heritable": true,
            "allowSymbolExpressionsInObject": true,
            "defaultValue": null,
            "defaultValueInternal": null
        },
        {
            "name": "data-tchmi-selected-cell-value",
            "displayName": "SelectedCellValue",
            "propertyName": "selectedCellValue",
            "propertyGetterName": "getSelectedCellValue",
            "visible": true,
            "type": "tchmi:general#/definitions/Any",
            "category": "Data",
            "description": "",
            "readOnly": true,
            "bindable": false,
            "defaultBindingMode": "OneWay",
            "heritable": true,
            "allowSymbolExpressionsInObject": true,
            "defaultValue": null,
            "defaultValueInternal": null
        }
    ],
    "attributeCategories": [
        {
            "name": "Data",
            "displayPriority": 500,
            "defaultCollapsed": true,
            "description": "Attributes defining the data the control is showing."
        },
        {
            "name": "Grid",
            "displayPriority": 510,
            "defaultCollapsed": true,
            "description": "Attributes defining the grid layout of the control."
        },
        {
            "name": "Header",
            "displayPriority": 520,
            "defaultCollapsed": true,
            "description": "Attributes defining the header of the control."
        },
        {
            "name": "Row Numbers",
            "displayPriority": 530,
            "defaultCollapsed": true,
            "description": "Attributes defining the Data the control."
        }
    ],
    "functions": [],
    "events": [
        {
            "name": ".onDataChanged",
            "displayName": ".onDataChanged",
            "visible": true,
            "displayPriority": 5,
            "category": "Control",
            "description": "The .onDataChanged event is fired when the user changes the data.",
            "heritable": true
        },
        {
            "name": ".onSelectedItemChanged",
            "displayName": ".onSelectedItemChanged",
            "visible": true,
            "displayPriority": 5,
            "category": "Operator",
            "description": "The .onSelectedItemChanged event is fired when the selected item changes.",
            "heritable": true
        }
    ],
    "dataTypes": [
        {
            "schema": "Schema/Types.Schema.json"
        }
    ]
}