{
    "$schema": "../../TcHmiFramework/Schema/ControlDescription.Schema.json",
    "apiVersion": 1,
    "name": "TcHmiInput",
    "namespace": "TcHmi.Controls.Beckhoff",
    "displayName": "Input",
    "version": {
        "full": "1.12.758.8",
        "major": 1,
        "minor": 12,
        "build": 758,
        "revision": 8
    },
    "visible": true,
    "themeable": "Standard",
    "base": "TcHmi.Controls.System.TcHmiControl",
    "description": "A leightweight singleline input control",
    "defaultDesignerEvent": ".onTextChanged",
    "properties": {
        "containerControl": false,
        "geometry": {
            "width": 150,
            "height": 26
        }
    },
    "icons": [
        {
            "name": "Icons/16x16.png",
            "width": 16,
            "height": 16
        },
        {
            "name": "Icons/24x24.png",
            "width": 24,
            "height": 24
        },
        {
            "name": "Icons/32x32.png",
            "width": 32,
            "height": 32
        },
        {
            "name": "Icons/64x64.png",
            "width": 64,
            "height": 64
        }
    ],
    "template": "Template.html",
    "dependencyFiles": [
        {
            "name": "Style.css",
            "type": "Stylesheet",
            "description": ""
        },
        {
            "name": "TcHmiInput.js",
            "type": "JavaScript",
            "description": ""
        }
    ],
    "themes": {
        "Base": {
            "resources": [
                {
                    "name": "Themes/Base/Style.css",
                    "type": "Stylesheet",
                    "description": ""
                }
            ]
        },
        "Base-Dark": {
            "resources": [
                {
                    "name": "Themes/Base-Dark/Style.css",
                    "type": "Stylesheet",
                    "description": ""
                }
            ]
        }
    },
    "attributes": [
        {
            "name": "data-tchmi-text-color",
            "propertyName": "TextColor",
            "propertySetterName": "setTextColor",
            "propertyGetterName": "getTextColor",
            "displayName": "TextColor",
            "visible": true,
            "themeable": "Standard",
            "displayPriority": 10,
            "type": "tchmi:framework#/definitions/SolidColor",
            "category": "Colors",
            "description": "",
            "readOnly": false,
            "bindable": true,
            "defaultBindingMode": "OneWay",
            "heritable": true,
            "allowSymbolExpressionsInObject": true,
            "defaultValue": null,
            "defaultValueInternal": null
        },
        {
            "name": "data-tchmi-text",
            "propertyName": "Text",
            "propertySetterName": "setText",
            "propertyGetterName": "getText",
            "displayName": "Text",
            "visible": true,
            "themeable": "Standard",
            "displayPriority": 10,
            "type": "tchmi:general#/definitions/String",
            "category": "Common",
            "description": "Content of the input control",
            "readOnly": false,
            "bindable": true,
            "defaultBindingMode": "OneWay",
            "heritable": true,
            "defaultValue": "Input",
            "defaultValueInternal": ""
        },
        {
            "name": "data-tchmi-ignore-escape-sequences",
            "propertyName": "IgnoreEscapeSequences",
            "propertySetterName": "setIgnoreEscapeSequences",
            "propertyGetterName": "getIgnoreEscapeSequences",
            "displayName": "IgnoreEscapeSequences",
            "visible": true,
            "themeable": "Advanced",
            "displayPriority": 100,
            "type": "tchmi:general#/definitions/Boolean",
            "category": "Text",
            "description": "When set to true a backslash in a text will be shown verbatim in the HMI.",
            "readOnly": false,
            "bindable": true,
            "defaultBindingMode": "OneWay",
            "heritable": true,
            "defaultValue": null,
            "defaultValueInternal": false
        },
        {
            "name": "data-tchmi-text-horizontal-alignment",
            "propertyName": "TextHorizontalAlignment",
            "propertySetterName": "setTextHorizontalAlignment",
            "propertyGetterName": "getTextHorizontalAlignment",
            "displayName": "TextHorizontalAlignment",
            "visible": true,
            "themeable": "Standard",
            "displayPriority": 20,
            "type": "tchmi:framework#/definitions/HorizontalAlignment",
            "category": "Text",
            "description": "",
            "readOnly": false,
            "bindable": true,
            "defaultBindingMode": "OneWay",
            "heritable": true,
            "defaultValue": null,
            "defaultValueInternal": null
        },
        {
            "name": "data-tchmi-content-padding",
            "propertyName": "ContentPadding",
            "propertySetterName": "setContentPadding",
            "propertyGetterName": "getContentPadding",
            "displayName": "ContentPadding",
            "visible": true,
            "themeable": "Standard",
            "displayPriority": 55,
            "type": "tchmi:framework#/definitions/Padding",
            "category": "Text",
            "description": "The distance of the text to the border.",
            "readOnly": false,
            "bindable": true,
            "defaultBindingMode": "OneWay",
            "heritable": true,
            "allowSymbolExpressionsInObject": true,
            "defaultValue": {
                "top": 3,
                "right": 3,
                "bottom": 3,
                "left": 3
            },
            "defaultValueInternal": null
        },
        {
            "name": "data-tchmi-text-font-family",
            "propertyName": "TextFontFamily",
            "propertySetterName": "setTextFontFamily",
            "propertyGetterName": "getTextFontFamily",
            "displayName": "TextFontFamily",
            "visible": true,
            "themeable": "Standard",
            "displayPriority": 60,
            "type": "tchmi:framework#/definitions/FontFamily",
            "category": "Text",
            "description": "Comma separated list of family name or keyword: 'serif', 'sans-serif', 'monospace'.",
            "readOnly": false,
            "bindable": true,
            "defaultBindingMode": "OneWay",
            "heritable": true,
            "defaultValue": null,
            "defaultValueInternal": null
        },
        {
            "name": "data-tchmi-text-font-size",
            "propertyName": "TextFontSize",
            "propertySetterName": "setTextFontSize",
            "propertyGetterName": "getTextFontSize",
            "displayName": "TextFontSize",
            "visible": true,
            "themeable": "Standard",
            "displayPriority": 30,
            "type": "tchmi:framework#/definitions/MeasurementValue",
            "category": "Text",
            "description": "The size of the font. Percent values are relative to the parent elements font size.",
            "readOnly": false,
            "bindable": true,
            "defaultBindingMode": "OneWay",
            "heritable": true,
            "defaultValue": null,
            "defaultValueInternal": null
        },
        {
            "name": "data-tchmi-text-font-size-unit",
            "propertyName": "TextFontSizeUnit",
            "propertySetterName": "setTextFontSizeUnit",
            "propertyGetterName": "getTextFontSizeUnit",
            "refTo": "TextFontSize",
            "displayName": "TextFontSizeUnit",
            "visible": true,
            "themeable": "Advanced",
            "displayPriority": 30,
            "type": "tchmi:framework#/definitions/MeasurementUnit",
            "category": "Text",
            "description": "Could be 'px' or for relative sizing '%'.",
            "readOnly": false,
            "bindable": true,
            "defaultBindingMode": "OneWay",
            "heritable": true,
            "defaultValue": null,
            "defaultValueInternal": "px"
        },
        {
            "name": "data-tchmi-text-font-style",
            "propertyName": "TextFontStyle",
            "propertySetterName": "setTextFontStyle",
            "propertyGetterName": "getTextFontStyle",
            "displayName": "TextFontStyle",
            "visible": true,
            "themeable": "Standard",
            "displayPriority": 60,
            "type": "tchmi:framework#/definitions/FontStyle",
            "category": "Text",
            "description": "'Normal', 'Italic' (slanted with special glyphs), 'Oblique' (slanted normal glyphs) or 'Auto' for inherited.",
            "readOnly": false,
            "bindable": true,
            "defaultBindingMode": "OneWay",
            "heritable": true,
            "defaultValue": null,
            "defaultValueInternal": "Auto"
        },
        {
            "name": "data-tchmi-text-font-weight",
            "propertyName": "TextFontWeight",
            "propertySetterName": "setTextFontWeight",
            "propertyGetterName": "getTextFontWeight",
            "displayName": "TextFontWeight",
            "visible": true,
            "themeable": "Standard",
            "displayPriority": 60,
            "type": "tchmi:framework#/definitions/FontWeight",
            "category": "Text",
            "description": "'Normal', 'Bold' (glyphs with more weight) or 'Auto' for inherited.",
            "readOnly": false,
            "bindable": true,
            "defaultBindingMode": "OneWay",
            "heritable": true,
            "defaultValue": null,
            "defaultValueInternal": "Auto"
        },
        {
            "name": "data-tchmi-placeholder",
            "propertyName": "Placeholder",
            "propertySetterName": "setPlaceholder",
            "propertyGetterName": "getPlaceholder",
            "displayName": "Placeholder",
            "visible": true,
            "themeable": "Standard",
            "displayPriority": 50,
            "type": "tchmi:general#/definitions/String",
            "category": "Text",
            "description": "A placeholder text to display if the input control is empty.",
            "readOnly": false,
            "bindable": true,
            "defaultBindingMode": "OneWay",
            "heritable": true,
            "defaultValue": null,
            "defaultValueInternal": null
        },
        {
            "name": "data-tchmi-auto-focus-out",
            "propertyName": "AutoFocusOut",
            "propertySetterName": "setAutoFocusOut",
            "propertyGetterName": "getAutoFocusOut",
            "displayName": "AutoFocusOut",
            "visible": true,
            "themeable": "Advanced",
            "displayPriority": 20,
            "type": "tchmi:general#/definitions/Boolean",
            "category": "Common",
            "description": "Whether the control should automatically lose focus when the user confirms or cancels his interaction via enter or escape.",
            "readOnly": false,
            "bindable": true,
            "defaultBindingMode": "OneWay",
            "heritable": true,
            "defaultValue": true,
            "defaultValueInternal": false
        },
        {
            "name": "data-tchmi-auto-select-text",
            "propertyName": "AutoSelectText",
            "propertySetterName": "setAutoSelectText",
            "propertyGetterName": "getAutoSelectText",
            "displayName": "AutoSelectText",
            "visible": true,
            "themeable": "Advanced",
            "displayPriority": 30,
            "type": "tchmi:general#/definitions/Boolean",
            "category": "Common",
            "description": "Whether a focusIn selects the whole text or not.",
            "readOnly": false,
            "bindable": true,
            "defaultBindingMode": "OneWay",
            "heritable": true,
            "defaultValue": null,
            "defaultValueInternal": false
        }
    ],
    "attributeCategories": [
        {
            "name": "Text",
            "displayPriority": 500,
            "defaultCollapsed": true,
            "description": "Attributes defining the text of the control."
        }
    ],
    "functions": [],
    "events": [
        {
            "name": ".onFocusIn",
            "displayName": ".onFocusIn",
            "visible": true,
            "displayPriority": 7,
            "category": "Operator",
            "description": "The focusin event is fired when an element is about to receive focus.",
            "heritable": true
        },
        {
            "name": ".onFocusOut",
            "displayName": ".onFocusOut",
            "visible": true,
            "displayPriority": 7,
            "category": "Operator",
            "description": "The focusout event is fired when an element is about to lose focus.",
            "heritable": true
        },
        {
            "name": ".onTextChanged",
            "displayName": ".onTextChanged",
            "visible": true,
            "displayPriority": 10,
            "category": "Control",
            "description": "The textchanged event is fired when the text was changed. This event could be fired multiples times while a user interaction.",
            "heritable": true
        },
        {
            "name": ".onUserInteractionFinished",
            "displayName": ".onUserInteractionFinished",
            "visible": true,
            "displayPriority": 5,
            "category": "Operator",
            "description": "The userinteractionfinished event is fired after leaving the textbox.",
            "heritable": true
        },
        {
            "name": ".onUserInteractionCanceled",
            "displayName": ".onUserInteractionCanceled",
            "visible": true,
            "displayPriority": 7,
            "category": "Operator",
            "description": "The userinteractioncanceled event is fired when the user presses the escape key, causing the text to reset to its previous value.",
            "heritable": true
        }
    ],
    "dataTypes": [
        {
            "schema": "Schema/Types.Schema.json"
        }
    ]
}