{
    "$schema": "http://json-schema.org/draft-04/schema",
    "definitions": {
        "ChartBarGraphColorList": {
            "$ref": "tchmi:framework#/definitions/TcHmi.Controls.Beckhoff.TcHmiBarChart.ChartBarGraphColorList"
        },
        "ChartBarGraphDataDefinitionList": {
            "$ref": "tchmi:framework#/definitions/TcHmi.Controls.Beckhoff.TcHmiBarChart.ChartBarGraphDataDefinitionList"
        },
        "ChartBarGraphPosition": {
            "$ref": "tchmi:framework#/definitions/TcHmi.Controls.Beckhoff.TcHmiBarChart.ChartBarGraphPosition"
        },
        "TcHmi.Controls.Beckhoff.TcHmiBarChart": {
            "$schema": "http://json-schema.org/draft-04/schema",
            "type": "object",
            "frameworkInstanceOf": "TcHmi.Controls.System.TcHmiControl",
            "frameworkControlType": "TcHmiBarChart",
            "frameworkControlNamespace": "TcHmi.Controls.Beckhoff"
        },
        "TcHmi.Controls.Beckhoff.TcHmiBarChart.ChartBarGraphColorList": {
            "title": "ChartBarGraphColorList",
            "engineeringDefaultDatatype": 0,
            "anyOf": [
                {
                    "type": "array",
                    "items": {
                        "$ref": "tchmi:framework#/definitions/SolidColor"
                    }
                },
                {
                    "$ref": "tchmi:framework#/definitions/SolidColor"
                }
            ]
        },
        "TcHmi.Controls.Beckhoff.TcHmiBarChart.ChartBarGraphDataDefinitionList": {
            "title": "ChartBarGraphDataDefinitionList",
            "engineeringDefaultDatatype": 0,
            "anyOf": [
                {
                    "type": "array",
                    "title": "Array<Array<number>>",
                    "items": {
                        "type": "array",
                        "items": {
                            "type": "number"
                        }
                    }
                },
                {
                    "type": "array",
                    "title": "Array<number>",
                    "items": {
                        "type": "number"
                    }
                }
            ]
        },
        "TcHmi.Controls.Beckhoff.TcHmiBarChart.ChartBarGraphPosition": {
            "title": "ChartBarGraphPosition",
            "type": "string",
            "enum": ["Left", "Right"],
            "default": "Left"
        },
        "TcHmi.Controls.Beckhoff.TcHmiBarChart.ChartBarGraphDescriptionDefinitionList": {
            "title": "ChartBarGraphDescriptionDefinitionList",
            "type": "array",
            "items": {
                "type": "object",
                "engineeringColumns": ["legendName"],
                "propertiesMeta": [
                    {
                        "name": "barColor",
                        "displayName": "Bar color",
                        "category": "Colors",
                        "displayPriority": 10,
                        "description": "Color for this bars",
                        "defaultValue": {
                            "color": "#2775be"
                        },
                        "defaultValueInternal": null
                    },
                    {
                        "name": "legendName",
                        "category": "General",
                        "displayName": "Legend name",
                        "displayPriority": 10,
                        "description": "The name that is displayed in the legend.",
                        "defaultValue": null,
                        "defaultValueInternal": null
                    },
                    {
                        "name": "scaleFactor",
                        "category": "General",
                        "displayName": "Scale factor",
                        "displayPriority": 10,
                        "description": "Scales all values with this scale factor.",
                        "defaultValue": null,
                        "defaultValueInternal": 1
                    }
                ],
                "properties": {
                    "barColor": {
                        "$ref": "tchmi:framework#/definitions/SolidColor"
                    },
                    "legendName": {
                        "type": "string"
                    },
                    "scaleFactor": {
                        "type": "number"
                    }
                },
                "required": []
            }
        },
        "TcHmi.Controls.Beckhoff.TcHmiBarChart.ChartBarGraphArrangement": {
            "title": "ChartBarGraphArrangement",
            "type": "string",
            "enum": ["Overlapped", "Clustered", "Stacked"],
            "default": "Overlapped"
        },
        "TcHmi.Controls.Beckhoff.TcHmiBarChart.ChartAxisLabeling": {
            "title": "ChartAxisLabeling",
            "type": "string",
            "enum": ["Number", "Scientific", "Auto"],
            "default": "Number"
        },
        "TcHmiBarChart": {
            "$ref": "tchmi:framework#/definitions/TcHmi.Controls.Beckhoff.TcHmiBarChart"
        }
    }
}
