{
    "$schema": "../../../Schema/ControlDescription.Schema.json",
    "apiVersion": 1,
    "name": "TcHmiUserControlHost",
    "namespace": "TcHmi.Controls.System",
    "displayName": "User Control Host",
    "version": {
        "full": "1.12.758.8",
        "major": 1,
        "minor": 12,
        "build": 758,
        "revision": 8
    },
    "visible": false,
    "themeable": "Advanced",
    "base": "TcHmi.Controls.System.TcHmiControl",
    "description": "A container for UserControls.",
    "properties": {
        "containerControl": false,
        "geometry": {
            "width": 100,
            "height": 100
        }
    },
    "icons": [
        {
            "name": "Icons/16x16.png",
            "width": 16,
            "height": 16
        },
        {
            "name": "Icons/24x24.png",
            "width": 24,
            "height": 24
        },
        {
            "name": "Icons/32x32.png",
            "width": 32,
            "height": 32
        },
        {
            "name": "Icons/64x64.png",
            "width": 64,
            "height": 64
        }
    ],
    "template": "Template.html",
    "dependencyFiles": [
        {
            "name": "Style.css",
            "type": "Stylesheet",
            "description": ""
        },
        {
            "name": "TcHmiUserControlHost.js",
            "type": "JavaScript",
            "description": ""
        }
    ],
    "themes": {},
    "events": [],
    "functions": [],
    "attributes": [
        {
            "name": "data-tchmi-target-user-control",
            "propertyName": "TargetUserControl",
            "propertyGetterName": "getTargetUserControl",
            "displayName": "TargetUserControl",
            "visible": true,
            "displayPriority": 10,
            "type": "tchmi:framework#/definitions/UserControlPath",
            "category": "Common",
            "description": "Path to the UserControl file to show.",
            "requiredOnCompile": true,
            "readOnly": true,
            "bindable": false,
            "defaultBindingMode": "OneWay",
            "heritable": true,
            "defaultValue": null,
            "defaultValueInternal": null
        },
        {
            "name": "data-tchmi-is-enabled",
            "propertyName": "IsEnabled",
            "propertySetterName": "setIsEnabled",
            "propertyGetterName": "getIsEnabled",
            "displayName": "IsEnabled",
            "visible": true,
            "themeable": "Advanced",
            "displayPriority": 60,
            "type": "tchmi:general#/definitions/Boolean",
            "category": "Common",
            "description": "If disabled this overwrites the state of all children in the user control.\nOnly enabled controls will react on events.",
            "readOnly": false,
            "bindable": true,
            "defaultBindingMode": "OneWay",
            "heritable": true,
            "defaultValue": null,
            "defaultValueInternal": true
        },
        {
            "name": "data-tchmi-width-mode",
            "propertyName": "WidthMode",
            "propertySetterName": "setWidthMode",
            "propertyGetterName": "getWidthMode",
            "displayName": "WidthMode",
            "visible": true,
            "themeable": "Advanced",
            "displayPriority": 40,
            "type": "tchmi:framework#/definitions/SizeModeWithContent",
            "category": "Layout",
            "description": "Defines if the width is taken from the width value, calculated from left and right (parent) or calculated from user control.",
            "readOnly": false,
            "bindable": true,
            "defaultBindingMode": "OneWay",
            "heritable": true,
            "defaultValue": null,
            "defaultValueInternal": "Value"
        },
        {
            "name": "data-tchmi-height-mode",
            "propertyName": "HeightMode",
            "propertySetterName": "setHeightMode",
            "propertyGetterName": "getHeightMode",
            "displayName": "HeightMode",
            "visible": true,
            "themeable": "Advanced",
            "displayPriority": 40,
            "type": "tchmi:framework#/definitions/SizeModeWithContent",
            "category": "Layout",
            "description": "Defines if the height is taken from the height value, calculated from top and bottom (parent) or calculated from user control.",
            "readOnly": false,
            "bindable": true,
            "defaultBindingMode": "OneWay",
            "heritable": true,
            "defaultValue": null,
            "defaultValueInternal": "Value"
        }
    ],
    "dataTypes": [
        {
            "schema": "Schema/Types.Schema.json"
        }
    ]
}