{
    "$schema": "../../TcHmiFramework/Schema/ControlDescription.Schema.json",
    "apiVersion": 1,
    "name": "TcHmiRecipeSelect",
    "namespace": "TcHmi.Controls.Beckhoff",
    "displayName": "Recipe Select",
    "version": {
        "full": "1.12.758.8",
        "major": 1,
        "minor": 12,
        "build": 758,
        "revision": 8
    },
    "visible": true,
    "themeable": "Standard",
    "base": "TcHmi.Controls.System.TcHmiControl",
    "description": "",
    "defaultDesignerEvent": "",
    "properties": {
        "containerControl": false,
        "geometry": {
            "width": 350,
            "height": 100
        }
    },
    "icons": [
        {
            "name": "Icons/16x16.png",
            "width": 16,
            "height": 16
        },
        {
            "name": "Icons/24x24.png",
            "width": 24,
            "height": 24
        },
        {
            "name": "Icons/32x32.png",
            "width": 32,
            "height": 32
        },
        {
            "name": "Icons/64x64.png",
            "width": 64,
            "height": 64
        }
    ],
    "template": "Template.html",
    "dependencyFiles": [
        {
            "name": "Style.css",
            "type": "Stylesheet",
            "description": ""
        },
        {
            "name": "TcHmiRecipeSelect.js",
            "type": "JavaScript",
            "description": ""
        }
    ],
    "themes": {
        "Base": {
            "resources": [
                {
                    "name": "Themes/Base/Style.css",
                    "type": "Stylesheet",
                    "description": ""
                }
            ]
        },
        "Base-Dark": {
            "resources": [
                {
                    "name": "Themes/Base-Dark/Style.css",
                    "type": "Stylesheet",
                    "description": ""
                }
            ]
        }
    },
    "attributes": [
        {
            "name": "data-tchmi-server-domain",
            "propertyName": "ServerDomain",
            "propertySetterName": "setServerDomain",
            "propertyGetterName": "getServerDomain",
            "displayName": "ServerDomain",
            "visible": true,
            "displayPriority": 100,
            "type": "tchmi:general#/definitions/String",
            "category": "Common",
            "themeable": "Advanced",
            "description": "The domain of the recipe management extension in the server. Defaults to 'TcHmiRecipeManagement'.",
            "readOnly": false,
            "bindable": true,
            "defaultBindingMode": "OneWay",
            "heritable": true,
            "defaultValue": null,
            "defaultValueInternal": "TcHmiRecipeManagement"
        },
        {
            "name": "data-tchmi-server-interval",
            "propertyName": "ServerInterval",
            "propertySetterName": "setServerInterval",
            "propertyGetterName": "getServerInterval",
            "displayName": "ServerInterval",
            "visible": true,
            "displayPriority": 100,
            "type": "tchmi:general#/definitions/Number",
            "category": "Common",
            "themeable": "Advanced",
            "description": "Sets the interval for the subscription to the Config::recipeList and GetActiveRecipes symbols of the configured server domain in milliseconds. This might be expensive performance wise, so do not set to a very low value.",
            "readOnly": false,
            "bindable": true,
            "defaultBindingMode": "OneWay",
            "heritable": true,
            "defaultValue": 1000,
            "defaultValueInternal": null
        },
        {
            "name": "data-tchmi-selected-recipe-full-name",
            "propertyName": "SelectedRecipeFullName",
            "propertyGetterName": "getSelectedRecipeFullName",
            "displayName": "SelectedRecipeFullName",
            "visible": true,
            "displayPriority": 100,
            "type": "tchmi:general#/definitions/String",
            "category": "Common",
            "description": "",
            "readOnly": true,
            "bindable": false,
            "defaultBindingMode": "OneWay",
            "heritable": true,
            "defaultValue": "",
            "defaultValueInternal": null
        },
        {
            "name": "data-tchmi-selected-recipe-name",
            "propertyName": "SelectedRecipeName",
            "propertyGetterName": "getSelectedRecipeName",
            "displayName": "SelectedRecipeName",
            "visible": true,
            "displayPriority": 100,
            "type": "tchmi:general#/definitions/String",
            "category": "Common",
            "description": "",
            "readOnly": true,
            "bindable": false,
            "defaultBindingMode": "OneWay",
            "heritable": true,
            "defaultValue": "",
            "defaultValueInternal": null
        },
        {
            "name": "data-tchmi-selected-recipe-path",
            "propertyName": "SelectedRecipePath",
            "propertyGetterName": "getSelectedRecipePath",
            "displayName": "Selected Recipe Path",
            "visible": true,
            "displayPriority": 100,
            "type": "tchmi:general#/definitions/String",
            "category": "Common",
            "description": "",
            "readOnly": true,
            "bindable": false,
            "defaultBindingMode": "OneWay",
            "heritable": true,
            "defaultValue": "",
            "defaultValueInternal": null
        }
    ],
    "attributeCategories": [],
    "functions": [],
    "events": [],
    "access": [
        {
            "name": "activateRecipe",
            "displayName": "Activate Recipe",
            "description": "Controls the ability to activate the selected recipe. This defaults to true.",
            "visible": true,
            "defaultValueInternal": true
        },
        {
            "name": "teachRecipe",
            "displayName": "Teach Recipe",
            "description": "Controls the ability to teach the selected recipe. This defaults to true.",
            "visible": true,
            "defaultValueInternal": true
        }
    ],
    "dataTypes": [
        {
            "schema": "Schema/Types.Schema.json"
        }
    ],
    "languages": {
        "en": "Lang/en.json",
        "de": "Lang/de.json"
    }
}